"","x1","x2","x3","x4","y"
"1",-0.0624441979380518,1601.48559993803,0.0776336848791855,0.313474548282102,"ne"
"2",-0.16061656253705,1601.86374900974,0.25610801551648,0.810200815787539,"ne"
"3",0.157579866147324,1603.45141735337,0.208077975180939,0.00778368208557367,"ne"
"4",0.129085801421197,1603.09281065261,0.548121303012963,0.116147321881726,"ne"
"5",-0.0574261858248691,1602.63993907676,0.115113457422663,0.0316907821688801,"da"
"6",0.110274366216827,1602.81123839762,0.0386918762095481,0.0194862938951701,"ne"
"7",-0.00635856318351389,1601.34573767787,0.722816538226969,0.671885867137462,"da"
"8",0.0839829258986234,1601.02016666648,0.255418067872981,0.582925049820915,"ne"
"9",0.0757691783215281,1600.65874095309,0.0422037580370143,0.159628146095201,"ne"
"10",-0.0505900075328628,1603.17586338319,0.0262367992487535,0.989134727744386,"ne"
"11",0.137876022920756,1602.50576324787,0.217725819168264,0.0408461941406131,"ne"
"12",0.0542307254055786,1600.21112501566,0.0205138806060235,0.865914176451042,"ne"
"13",0.0773144420289693,1599.37798797208,0.150305090223574,0.57967492332682,"ne"
"14",0.0189750970489291,1603.23054719821,0.0375396299873378,0.607317315647379,"ne"
"15",0.0134493953238181,1598.84414672856,0.159704028051322,0.528071647277102,"ne"
"16",0.0944069465893566,1601.59452422401,0.0201763947574868,0.215681383619085,"ne"
"17",0.117347486000941,1601.87916580169,0.13455116940708,0.877426573541015,"ne"
"18",-0.109327174231053,1601.38049680583,0.0331213108184494,0.96010724385269,"ne"
"19",-0.136297921711814,1603.70358165447,0.0667588389615324,0.320653368951753,"ne"
"20",-0.0668096720750485,1603.12834139294,0.0654560746995879,0.669482843251899,"ne"
"21",-0.175328260227405,1601.12782953188,0.0458145882039368,0.461165228392929,"ne"
"22",0.161840216120151,1602.64391699165,0.0487530932414786,0.414598491508514,"ne"
"23",-0.183116433113755,1603.03650969614,0.0505026256754001,0.058923393022269,"ne"
"24",0.0825063321590369,1602.18868204284,0.0287771813667163,0.456528582144529,"ne"
"25",-0.11239817050011,1603.25240473246,0.120737170087205,0.115694964304566,"ne"
"26",0.150156995247398,1602.24376183601,0.0976765854367928,0.177537468960509,"ne"
"27",-0.00697252445507876,1599.49815811098,0.0322723243691147,0.606790956808254,"ne"
"28",-0.0254226670337198,1601.37390026838,0.0580287625252972,0.0818680571392179,"ne"
"29",-0.00152399956765401,1602.81332381931,0.136757823399977,0.242839082842693,"ne"
"30",-0.112324904652184,1600.17538277854,0.886102023091922,0.0332202492281795,"da"
"31",-0.143048119581775,1602.5208606119,0.0780850947293955,0.748972514411435,"ne"
"32",-0.201117584640714,1603.37764408052,0.206604649814986,0.0964269381947815,"da"
"33",-0.0303397489860494,1603.42879966678,0.0674671140392664,0.8199375604745,"ne"
"34",0.165025548225551,1600.33006551609,0.0444372400753921,0.156398524064571,"ne"
"35",-0.0455923663844974,1603.14320378008,0.0296913655382503,0.686442827573046,"ne"
"36",-0.0355845447124267,1600.80923831986,0.0527374116029627,0.210238184081391,"ne"
"37",0.191484040044471,1602.88802264134,0.656764458109226,0.298267192672938,"ne"
"38",0.0244464510623529,1603.48134445743,0.144876512327719,0.152892483631149,"ne"
"39",0.0349955642009225,1600.97138115171,0.0722430919499106,0.46879839268513,"ne"
"40",0.103201272173682,1603.36855742249,0.0627817691386169,0.206710674567148,"ne"
"41",-0.121478372637045,1599.9701804307,0.0486738610187149,0.581015967996791,"ne"
"42",0.130154587554104,1600.48238092821,0.0791496931871503,0.0685695495922118,"ne"
"43",-0.036235232555536,1601.28879954346,0.604518719055119,0.734545390121639,"ne"
"44",-0.023903151866386,1602.93280086202,0.374456981541083,0.649054387817159,"ne"
"45",0.0539548548545311,1602.62672468623,0.0761136504557305,0.886137804482132,"ne"
"46",-0.0693040678045864,1601.29293597982,0.0699091263754963,0.767109325854108,"ne"
"47",0.101502983425711,1603.50118643918,0.0386334644116198,0.906026571523398,"ne"
"48",-0.0573929264279036,1602.28904437501,0.175725972760164,0.842281172052026,"ne"
"49",-0.0773013872138246,1602.74634090011,0.0317328463139633,0.706136168679222,"ne"
"50",-0.00540800783075378,1600.90443168155,0.101587747689374,0.928499887697399,"ne"
"51",-0.0473335955584642,1601.04912848649,0.605559683217109,0.153952673776075,"da"
"52",-0.0490320411590195,1600.70824500973,0.450049196168766,0.000733497319743037,"da"
"53",0.19773399282305,1601.1618883321,0.091069859284994,0.185849126894027,"ne"
"54",0.0558807621718281,1600.95194719963,0.1724706625698,0.884189252508804,"ne"
"55",0.0234916853233233,1601.56600952672,0.271598028192319,0.761931124608964,"ne"
"56",-0.048069055123937,1600.05298472846,0.0240451685260902,0.192689547548071,"ne"
"57",-0.0754327304832023,1603.52625367221,0.0496962051224577,0.553275938145816,"ne"
"58",0.109771115434738,1601.72436663541,0.59937119804613,0.226021283306181,"ne"
"59",-0.259647045917962,1602.05217858869,0.0927290525017045,0.81488942168653,"ne"
"60",0.000393719679821487,1603.5759525364,0.131694658970727,0.556344045093283,"ne"
"61",0.0430068995234558,1602.11837601766,0.207977542975211,0.150349122239277,"ne"
"62",0.232543217148289,1600.48935640359,0.553535695735075,0.588015668094158,"ne"
"63",-0.0233423308911328,1601.35159572163,0.10757089176785,0.831758890068159,"ne"
"64",-0.0516157303723462,1601.08699518754,0.345747815269235,0.103090783581138,"ne"
"65",0.0497423079589697,1602.83080332085,0.285173766768135,0.56585142435506,"ne"
"66",0.131943596012978,1601.94143393594,0.117024265699818,0.579209850169718,"ne"
"67",-0.0417767364057594,1602.83931713269,0.0491249102813581,0.270224108826369,"ne"
"68",0.122439977557456,1602.35708367238,0.872584029459713,0.77907707891427,"ne"
"69",0.093170221252838,1601.20485299351,0.050154440302165,0.121807356365025,"ne"
"70",0.189911423201174,1600.1556370453,0.0894101920723984,0.253878372022882,"ne"
"71",-0.0889382254977052,1600.59843452841,0.0209203212176883,0.189132248051465,"da"
"72",0.0478559576192389,1602.32078613177,0.584989511874368,0.161154902540147,"da"
"73",-0.0649787114709034,1600.64045001482,0.0244734340870281,0.317512004869059,"ne"
"74",-0.0752972813863825,1602.98066771381,0.677474185729292,0.238462493987754,"da"
"75",-0.033831194656416,1601.15298150374,0.0437920101150495,0.221337539609522,"ne"
"76",0.00904691912475783,1603.42681525,0.215573694531655,0.0751891401596367,"da"
"77",-0.0522180155305363,1602.150835639,0.0713682919282036,0.209611647063866,"ne"
"78",-0.00230160874328212,1602.83013931402,0.0337106676097181,0.350556782679632,"ne"
"79",-0.217469869852179,1602.12392884245,0.639488600241457,0.178193773841485,"da"
"80",0.165078679545882,1602.13812481007,0.20494917065594,0.394662584876642,"ne"
"81",-0.0314632958523069,1602.87985431343,0.213667945608505,0.538668783148751,"ne"
"82",-0.0570924710949474,1602.90089591078,0.0220726319810013,0.6530066577252,"ne"
"83",0.0285638589277676,1603.25560372714,0.751480616254755,0.348357410170138,"da"
"84",-0.0306432330896457,1599.72129897805,0.778238789400061,0.503038951894268,"da"
"85",0.0408397316945193,1600.55592483971,0.0770895735500812,0.6179804794956,"ne"
"86",0.16646217277593,1603.26081300151,0.254403486443698,0.0908866443205625,"da"
"87",0.074359239406962,1602.58965429616,0.471093933586535,0.891952780075371,"ne"
"88",-0.069609561873557,1601.10189974091,0.144964208199953,0.431218460202217,"ne"
"89",-0.0741471309443749,1600.41340025095,0.032636094957376,0.713142084423453,"ne"
"90",-0.088661062066743,1603.33015108996,0.0528634290469159,0.587550978874788,"ne"
"91",0.0978023146622015,1602.20983185088,0.208376655756441,0.125427338993177,"ne"
"92",0.144625757667836,1600.52686950143,0.0591592773215498,0.177468202076852,"ne"
"93",-0.125096226166771,1603.37462876267,0.419628930822005,0.400925171328709,"ne"
"94",0.0358749318852405,1602.00770039557,0.0609196497150637,0.733237826731056,"ne"
"95",-0.0112566293559195,1601.3729030432,0.0533087287105731,0.0653168566059321,"ne"
"96",0.0379896832803064,1602.09162644771,0.513942203185223,0.00155459088273346,"da"
"97",-0.150138299460987,1601.82633818285,0.334007144442893,0.393320451490581,"ne"
"98",-0.11726212774146,1601.4263065423,0.0309573979907904,0.496278206584975,"ne"
"99",-0.077387171457117,1601.42122768787,0.035712903648234,0.644174654968083,"ne"
"100",-0.110292131983646,1599.94639177022,0.216661675488541,0.928315879777074,"ne"
"101",0.0466758690778102,1600.71750991686,0.358689240519474,0.0589495496824384,"ne"
"102",0.0928123699809407,1601.81189711108,0.482276584646064,0.145821620477363,"da"
"103",0.149057886671911,1602.85193252647,0.0779812798373038,0.404986048815772,"ne"
"104",0.144774975871248,1601.28633105409,0.201592309097182,0.914725594222546,"ne"
"105",0.153741618719881,1601.99066415905,0.392164425489623,0.81433227006346,"ne"
"106",0.00997675149145458,1601.07317338708,0.608533638891106,0.193286019843072,"da"
"107",0.00703312631132048,1601.15278046451,0.0896417820730369,0.714947402244434,"ne"
"108",-0.0874976407072231,1602.30858135939,0.542642811903766,0.162566074868664,"da"
"109",-0.212009427565381,1601.84155122754,0.544719240626722,0.245072353631258,"da"
"110",0.0375943928173579,1602.42683698567,0.024544080992621,0.516101049026474,"ne"
"111",-0.187210682047383,1603.31124060604,0.127595310115477,0.461013289634138,"ne"
"112",-0.0131579941255164,1601.29219879278,0.986104875250843,0.534195696935058,"da"
"113",-0.0415046298825953,1603.48313901634,0.21670788988639,0.811360198073089,"ne"
"114",0.214633491401721,1602.74686104217,0.329405212024987,0.842702867928892,"ne"
"115",-0.116120422988557,1601.39921800582,0.388589840095403,0.689776388462633,"da"
"116",0.0640635582698468,1603.02465590047,0.064023450573283,0.639086931711063,"ne"
"117",0.0214320966343773,1601.08753108242,0.248042529843463,0.700900216121227,"ne"
"118",-0.134968263276431,1601.69495109516,0.0992728241680552,0.897666634060442,"ne"
"119",0.0494495665402514,1603.4324912271,0.613235038976162,0.553872905205935,"ne"
"120",-0.176575966782357,1600.33501887984,0.139933138109532,0.38027745555155,"ne"
"121",-0.0757345144765742,1603.07372748737,0.0199940368926875,0.52718188194558,"ne"
"122",0.0114282147268232,1603.45393991736,0.0344997164708017,0.477035440737382,"ne"
"123",0.124442420644255,1602.55212152726,0.0912240137235765,0.991445692954585,"ne"
"124",0.0158844557047732,1602.94451604913,0.0274385918290983,0.753691318212077,"ne"
"125",-0.159137866928756,1601.72198399642,0.202255145225974,0.93291128706187,"ne"
"126",0.0990756900590623,1603.57026573609,0.184022051429182,0.0168918303679675,"da"
"127",-0.115052449302051,1604.49849923573,0.057732742280658,0.0719195299316198,"ne"
"128",0.0219421561262519,1602.03265492283,0.0506781741809128,0.782566178590059,"ne"
"129",-0.018395577572604,1603.97204720438,0.277637199860429,0.0172626483254135,"ne"
"130",0.0875469601572416,1600.26539654048,0.830083254603363,0.0520005894359201,"da"
"131",0.010014133920523,1601.66946276346,0.0450236813286238,0.108280796557665,"ne"
"132",-0.0575503043225488,1603.43822620074,0.104713199867087,0.0803299120161682,"ne"
"133",0.0960000918085648,1603.72087407734,0.150855929158197,0.824690567096695,"ne"
"134",-0.0362263419678683,1602.22456062125,0.14067511454633,0.967194335069507,"ne"
"135",-0.0836038430603682,1600.35156358078,0.0340296717484407,0.131206313148141,"ne"
"136",0.184379144237622,1603.38016300929,0.726296093734324,0.603532066568732,"ne"
"137",-0.244819421575247,1599.8673086428,0.066993229749169,0.936136316275224,"ne"
"138",0.026783404884933,1602.48796228192,0.131202189707478,0.85116875381209,"ne"
"139",-0.00560591379097381,1601.07383599714,0.0475107534451963,0.298994699027389,"ne"
"140",-0.105880361849007,1601.30725383867,0.0464363717459769,0.931592702167109,"ne"
"141",0.0243778510338444,1603.99264395277,0.249515486656095,0.714495691470802,"ne"
"142",0.00827306443848974,1602.85580252915,0.0305923096988178,0.560045560123399,"ne"
"143",0.163037143414824,1603.09442796413,0.0339923631794957,0.543402018025517,"ne"
"144",-0.0277743090962449,1602.4348870972,0.0234311484691572,0.544347537914291,"ne"
"145",-0.00516118567493833,1601.21978168736,0.238165112347051,0.786170133855194,"ne"
"146",0.117848776720074,1602.86343663882,0.0284159545558037,0.0232991683296859,"ne"
"147",0.0208918797846046,1600.48002160181,0.0726987214617509,0.716475981520489,"ne"
"148",0.0424351011849416,1602.4646925618,0.772322810512622,0.311524556716904,"da"
"149",-0.174145050205226,1601.31835464475,0.105724678875432,0.955623861635104,"ne"
"150",0.150375070441854,1602.68700099801,0.557139839451241,0.989898080239072,"ne"
"151",0.0435952447515736,1602.70770109821,0.0339884935118958,0.939329791814089,"ne"
"152",0.0511532401533928,1601.51881170688,0.484745348563547,0.243827820057049,"ne"
"153",-0.0179263429699865,1601.00466306343,0.852696910039517,0.827639905968681,"ne"
"154",0.00506070249130329,1600.75266454407,0.0596110030796344,0.273328863549978,"ne"
"155",-0.152874213128689,1601.03123764278,0.0403193196359207,0.783105520298705,"ne"
"156",0.0518739995878295,1601.49070222134,0.273280699314324,0.479346365202218,"ne"
"157",0.0138661951927451,1602.75145955059,0.589859075617736,0.974015846149996,"ne"
"158",-0.074413970242149,1601.33860137839,0.441953692686117,0.777750333538279,"ne"
"159",0.0244572648369029,1603.05065490041,0.106912307746731,0.598813371732831,"ne"
"160",-0.130022420344961,1602.72714190568,0.787863338646427,0.0502571614924818,"da"
"161",0.0775428030026829,1601.49609761953,0.325523195376142,0.113413121318445,"ne"
"162",-0.0209355957912222,1600.81236095791,0.0517208024596802,0.725444792537019,"ne"
"163",0.230074430568958,1600.9388937518,0.0824951723131579,0.894283127039671,"ne"
"164",-0.104041245450065,1601.83810947338,0.0207861668604467,0.77029822440818,"ne"
"165",0.0776585147478054,1600.85810287436,0.522635374711984,0.0895067346282303,"ne"
"166",-0.0571701980878958,1602.72160849434,0.826416542024618,0.821247407002375,"da"
"167",-0.0241750093935146,1603.1731663963,0.202744120024793,0.316542921587825,"ne"
"168",-0.123918324512638,1602.84023232372,0.0413184606411745,0.337426491081715,"ne"
"169",-0.0640194447797523,1601.20076698709,0.040835989835987,0.114047537790611,"ne"
"170",-0.142050015464502,1600.30132290618,0.021057755611886,0.727937832009047,"ne"
"171",-0.146253395354651,1602.83729896216,0.0444088700872325,0.484195668715984,"ne"
"172",0.0473607097597161,1601.19018437425,0.454677971116111,0.0986147115472704,"da"
"173",0.0636245376836921,1603.62936331838,0.0190293413881004,0.337066607084125,"ne"
"174",-0.192624968286457,1601.12789479822,0.0620763152479721,0.600442830706015,"ne"
"175",-0.161654525581022,1602.9449980606,0.107924645094468,0.378127337433398,"ne"
"176",0.24924788266848,1603.05373562406,0.123180984874666,0.548432864714414,"ne"
"177",-0.106913558499991,1603.19470510918,0.116714467239647,0.598878586199135,"ne"
"178",-0.215396515614468,1601.82248356513,0.355424186125946,0.358219497837126,"da"
"179",0.225413289434795,1601.54726593839,0.212989602996248,0.883588270982727,"ne"
"180",0.0760414585240196,1603.3542953004,0.344308034347188,0.744273060234264,"ne"
"181",0.0528891892062776,1602.14939974684,0.405279484009042,0.70696559920907,"ne"
"182",-0.0834111859419463,1602.70210617985,0.647936047149288,0.927116596605629,"ne"
"183",0.0255187589238069,1602.88730315425,0.0419733907151339,0.295387390535325,"ne"
"184",-0.164479232966003,1600.7061462243,0.0217537054047899,0.653116423869506,"ne"
"185",0.119259002833366,1603.27315006571,0.0660086032377473,0.265994579764083,"ne"
"186",0.191502258644919,1600.88510111122,0.0578323041178198,0.912868678802624,"ne"
"187",-0.149873498810791,1603.32981818237,0.361769292832322,0.273112322669476,"ne"
"188",-0.0161252897630082,1602.39011100424,0.258608916956554,0.299904056359082,"ne"
"189",-0.108525740744824,1600.65853101874,0.184713366367299,0.439312765840441,"ne"
"190",-0.059688615334779,1600.84602118415,0.0440069024621658,0.235327862203121,"ne"
"191",-0.00633116329443893,1602.83403661472,0.135497876162898,0.203974336152896,"ne"
"192",-0.0846008034058482,1601.73772662348,0.390688164531483,0.22796451067552,"ne"
"193",-0.0233594092457457,1603.52759794428,0.20167561709082,0.17616372811608,"ne"
"194",0.18676056359338,1602.70075760401,0.0843579249097788,0.682952653151006,"ne"
"195",-0.0344352780482555,1603.39314378931,0.373903409234576,0.874234945746139,"ne"
"196",-0.111107599843061,1601.13737914972,0.184456516591278,0.228041254682466,"ne"
"197",0.0759499076246381,1603.08578886911,0.0256400246380883,0.770962873939425,"ne"
"198",-0.118085280841483,1601.34303306747,0.0458275900555617,0.643509139306843,"ne"
"199",-0.0286851989550941,1601.89913851372,0.0687949273821811,0.773236679146066,"ne"
"200",0.0834327519497868,1603.01055029413,0.0223827948540154,0.87781837885268,"ne"
"201",0.161672323288525,1603.47574533873,0.0554528901791879,0.0372324646450579,"ne"
"202",-0.313653250277465,1602.93172481819,0.0793531844941144,0.0441319260280579,"ne"
"203",-0.179155060742102,1601.50685645739,0.937528063559658,0.825029671425,"ne"
"204",0.0167035891909719,1601.36095503826,0.168710288341616,0.0233097381424159,"ne"
"205",-0.0364731318008528,1603.6828732257,0.0255283320082359,0.733183284522966,"ne"
"206",0.111284502597638,1600.35513881884,0.138894846713653,0.563238594448194,"ne"
"207",0.0800122555583482,1602.22351321636,0.160535005309954,0.351156901568174,"ne"
"208",-0.0088388218330626,1602.74530235652,0.369473279504323,0.58384902193211,"ne"
"209",0.0356529692718659,1602.0400088896,0.152373334726262,0.946330829290673,"ne"
"210",0.0559095988895473,1600.50616453114,0.0521221352193907,0.851542336633429,"ne"
"211",0.0493841561976026,1601.46937920297,0.219129928218837,0.293216584948823,"ne"
"212",0.0489994205309277,1602.67246436803,0.0608804894398927,0.0610588695853949,"ne"
"213",0.094331446734536,1600.56959299349,0.0773157187191556,0.900987959234044,"ne"
"214",-0.0113185686216868,1601.08076047497,0.232696363522896,0.930911992909387,"ne"
"215",-0.233433487815794,1601.92265574666,0.0302532049322368,0.0031520975753665,"ne"
"216",-0.0507692271522131,1600.67013915488,0.0621440590417545,0.293651750078425,"ne"
"217",0.161839397623659,1603.61072089413,0.0474729483191289,0.518596380250528,"ne"
"218",-0.141899838151374,1600.07014109196,0.0244250448697791,0.751188510330394,"ne"
"219",0.00716334203970815,1602.84031132096,0.0238598926552202,0.0101013635285199,"ne"
"220",-0.123019842556058,1602.7107213783,0.0646964961662313,0.263599870493636,"ne"
"221",0.135869850133574,1601.44845254024,0.0397515012713752,0.909426662372425,"ne"
"222",0.0608786439321962,1601.62880685066,0.0994883526265827,0.662067654076964,"ne"
"223",-0.0199554589971393,1601.30872736024,0.0196392339865727,0.861274902708828,"ne"
"224",-0.027068532421536,1600.7960951906,0.945633106197278,0.371265362715349,"da"
"225",0.176139484706486,1601.62296150094,0.879510540594772,0.884683536598459,"ne"
"226",-0.0521855615071921,1601.41350527679,0.0466678467235682,0.61915727914311,"ne"
"227",-0.0812645733540737,1602.86735004943,0.377626182014731,0.769163104938343,"ne"
"228",-0.109092537777101,1603.08133356997,0.704332285850253,0.0246268534101546,"da"
"229",-0.0668418988823281,1600.14008851139,0.562375136816353,0.65081460471265,"ne"
"230",-0.0564171201883546,1601.80609566086,0.0393818334664917,0.775259442860261,"ne"
"231",0.0311274422549882,1600.44856850292,0.246173569992724,0.382636727765203,"ne"
"232",0.268713884041133,1603.37689138696,0.347734282229085,0.41114725288935,"ne"
"233",-0.0314322472999263,1599.59623112862,0.0528233459699527,0.247248056111857,"ne"
"234",0.0426572617066143,1603.04782453687,0.0563022332821764,0.444610084407032,"ne"
"235",-0.0403436642961087,1601.337742925,0.772167311717775,0.619346017250791,"da"
"236",0.00351026689740746,1600.74752156104,0.056084017151282,0.0774765892419964,"ne"
"237",-0.14176004902115,1599.94329926102,0.559562877995016,0.393697245046496,"ne"
"238",0.0743375660423402,1603.37956134055,0.508884073958972,0.56721013574861,"ne"
"239",0.0929230132576087,1602.65601092657,0.773452557209053,0.895718822721392,"da"
"240",0.0261565369399175,1603.39301245906,0.0650999342562584,0.0570139475166798,"da"
"241",0.0915938899523257,1603.46829857532,0.207482837853053,0.393552053486928,"ne"
"242",0.0802076468332847,1603.55649239135,0.0321097553527041,0.770406464347616,"ne"
"243",-0.163368883215219,1601.61750717032,0.129288539017516,0.818291590549052,"ne"
"244",-0.048899345015635,1602.18575423196,0.38029351312626,0.187656925991178,"ne"
"245",-0.0305605511568079,1602.20135298619,0.0275137433768831,0.396154208574444,"ne"
"246",0.120828248379131,1603.67858775629,0.549276608979904,0.0353712444193661,"ne"
"247",0.00955319540597272,1601.73177459352,0.0913549167769769,0.600593270501122,"ne"
"248",0.19130509116871,1600.893541826,0.141215097173527,0.721874069655314,"ne"
"249",0.0178123615110734,1601.34247570311,0.0200434877352394,0.13306265277788,"ne"
"250",-0.0435554516816504,1601.01978649517,0.165371357400813,0.835279534105211,"ne"
"251",-0.0677428346162333,1602.13003560288,0.0561156996659002,0.512496641138569,"ne"
"252",0.131160724631461,1603.57434637486,0.54580001529155,0.381371385650709,"da"
"253",-0.0133508812086327,1600.55659444068,0.0482248661333996,0.356325422646478,"ne"
"254",0.146828914312208,1600.49931287824,0.0757293467694766,0.443492583930492,"ne"
"255",0.0394904011875419,1602.66302011268,0.0196432261392679,0.198508541565388,"ne"
"256",0.0380791487041588,1603.37609547661,0.27798298837155,0.202316189883277,"ne"
"257",0.194087284163971,1599.57326218128,0.0195399978400783,0.004317338578403,"ne"
"258",0.0866607713557749,1600.53500640908,0.029969007522023,0.0014628313947469,"ne"
"259",0.035792159747515,1603.68025481818,0.0999916958966295,0.725018383935094,"ne"
"260",0.060106990902539,1600.716646126,0.444216779709496,0.696407328126952,"ne"
"261",-0.167799226998254,1602.11236578638,0.13734301943872,0.785237657604739,"ne"
"262",-0.165202164139123,1602.95051865605,0.0342542939222115,0.318951096618548,"ne"
"263",-0.0594877800950795,1599.98836156729,0.558108080156502,0.694253060733899,"ne"
"264",0.143219758431364,1599.85565395401,0.0295854922638251,0.725732024991885,"ne"
"265",0.149547173500251,1602.72661246751,0.1083058969369,0.553492546314374,"ne"
"266",0.0274055364136717,1603.47088438478,0.0376693385624948,0.657599843805656,"ne"
"267",-0.111790003205568,1601.40372470403,0.0289148340128363,0.818993656197563,"ne"
"268",-0.0603420870039957,1603.07199642849,0.0295295841325801,0.56176943751052,"ne"
"269",-0.0394739884891762,1601.78501122077,0.116599137961963,0.833811794407666,"ne"
"270",0.0681366226731733,1603.16088989255,0.0876050385939821,0.755448313895613,"ne"
"271",0.0369741236675295,1602.59462250245,0.967860481030611,0.0284627736546099,"da"
"272",-0.0798267646159685,1603.0055864747,0.198683336074802,0.228316941065714,"ne"
"273",0.0725101414108821,1602.10072249759,0.385031206859675,0.961874336237088,"ne"
"274",0.0945580597163099,1601.35429810652,0.449586616499809,0.982390007935464,"ne"
"275",0.0777286706952385,1601.69475530427,0.0636171392252529,0.338678445667028,"ne"
"276",-0.0501716992975712,1600.14199529561,0.0484730483154257,0.578658272512257,"ne"
"277",0.00123919035194225,1603.73163077249,0.233570153257229,0.823397695785388,"ne"
"278",-0.105105300881061,1602.26443374096,0.0487913760219246,0.60441774665378,"ne"
"279",-0.0913151539194692,1599.96903787017,0.0223526742534891,0.286549207521603,"ne"
"280",0.0533749359790419,1602.6762934387,0.046473151302555,0.544616127386689,"ne"
"281",-0.0307601761249906,1603.00438563698,0.0591679219124493,0.107306080404669,"ne"
"282",0.115634397074221,1601.02522270446,0.47252546168654,0.0349001944996417,"da"
"283",0.0862604540615086,1603.30188490382,0.0191572508216417,0.689603473525494,"ne"
"284",0.177958757863378,1600.45398609699,0.0230460799813315,0.136467981152236,"ne"
"285",-0.024360114694054,1600.60554408575,0.657365708252259,0.193678241688758,"da"
"286",-0.0116601716042723,1602.56430204411,0.100294111071655,0.631256938911974,"ne"
"287",-0.0626384853815068,1601.34839977195,0.514126305684033,0.106795189669356,"ne"
"288",0.0976887726830205,1603.14950668352,0.0605316076092724,0.763514247955754,"ne"
"289",0.0570710234773913,1603.9479695376,0.451607504805561,0.201651847455651,"da"
"290",0.0761361712461028,1601.13023465107,0.235043578298117,0.0297626573592424,"ne"
"291",0.0208964852777625,1600.78650460198,0.0327866966672561,0.320841964799911,"ne"
"292",-0.171317540571887,1601.45181679858,0.156663865639221,0.281955967191607,"ne"
"293",-0.132506885866552,1602.79543412376,0.244343968845053,0.107497911900282,"da"
"294",-0.0547638166233034,1600.83255287903,0.232432595844246,0.64669024804607,"da"
"295",-0.036318015011337,1601.45458632362,0.378448024944692,0.503607227001339,"ne"
"296",-0.0622468222071527,1602.64867010841,0.249784304476976,0.859008241677657,"ne"
"297",-0.123989541038341,1603.2804005561,0.0205404453335739,0.141123937442899,"ne"
"298",0.0744090704032241,1600.83531909187,0.0239019241416203,0.27482652082108,"ne"
"299",0.0647481785025321,1602.53855901699,0.164712013759922,0.558555416762829,"ne"
"300",0.135887521403277,1602.99695029378,0.0797412833170149,0.151431868318468,"ne"
"301",0.191946675116438,1603.62715004933,0.0194143155939421,0.426861203741282,"ne"
"302",0.227597824347593,1603.34213069317,0.0602780900929099,0.253987659467384,"ne"
"303",0.0787413948231715,1602.16529198838,0.0750552633697356,0.900314321508631,"ne"
"304",0.118227430308993,1603.08072628259,0.782910295409456,0.0989971477538347,"da"
"305",-0.109817472521011,1602.23205070133,0.567132169996225,0.0764742696192116,"da"
"306",-0.0314705201520286,1601.1292534093,0.0486462293355251,0.344272165559232,"ne"
"307",0.135789138682675,1602.32274188335,0.175804771410091,0.198085106443614,"ne"
"308",0.0700081161847237,1601.39778074197,0.0441057642314869,0.0310422615148127,"ne"
"309",0.0260790056074758,1602.53339161782,0.1018784985656,0.961350143887103,"ne"
"310",-0.00271403307309423,1603.0596386448,0.0225782549159763,0.824169223196805,"ne"
"311",0.168536260070547,1600.59579241689,0.0470401903208279,0.359856270253658,"ne"
"312",0.0580255803393558,1601.13951119982,0.713249212568595,0.816019274760038,"ne"
"313",0.0235926892104581,1599.95752524681,0.757435556589325,0.108720643911511,"da"
"314",-0.00485055415175794,1603.11321943578,0.289653391637821,0.503290426218882,"ne"
"315",0.0241829538143312,1603.41924499625,0.266834615014234,0.171929347561672,"da"
"316",-0.0209824967852273,1601.22645341481,0.164424175721701,0.0868001589551568,"ne"
"317",-0.0456000695699889,1601.68160402796,0.632810676469764,0.670568040106446,"da"
"318",0.126083863212785,1603.39111759144,0.0291278009852304,0.241631826851517,"ne"
"319",0.20437595115909,1600.16929065188,0.412445036097332,0.23295930842869,"ne"
"320",-0.0948471953721038,1602.91866480151,0.793579997677555,0.228726791916415,"da"
"321",0.0652885988263739,1604.45931273568,0.504868228736419,0.645319715840742,"ne"
"322",-0.046273662849004,1602.79198230216,0.503013692384191,0.952158582629636,"ne"
"323",-0.0387456721743889,1600.99786205127,0.688960469321931,0.18369272723794,"da"
"324",-0.158910187914513,1602.70623713393,0.0790367302242581,0.641207799315453,"ne"
"325",-0.0257101592995517,1602.02890095954,0.517249566674713,0.990315474336967,"ne"
"326",-0.0948189084393251,1602.53441605442,0.469056123793985,0.246818751562387,"ne"
"327",-0.0466643434986917,1600.4246052595,0.732675439908628,0.805076275253668,"da"
"328",-0.0128129615194861,1602.62803277316,0.0828694207405933,0.161366883432493,"ne"
"329",-0.111748723549634,1600.20795744048,0.0604965472761751,0.832356256200001,"ne"
"330",0.104006108587106,1601.16431585501,0.129816323769741,0.426697230897844,"ne"
"331",0.100821325477962,1599.91746085893,0.15540105107054,0.602142630377784,"ne"
"332",-0.0989158370946174,1603.55283892562,0.0873318103046694,0.0603241643402725,"ne"
"333",-0.150728618918056,1602.82875681899,0.501245503677102,0.12212031846866,"da"
"334",-0.101568845708361,1601.88459971262,0.545059526690277,0.633236837573349,"ne"
"335",-0.00711739560847906,1600.73239248365,0.0368303634814046,0.110344419023022,"ne"
"336",-0.0728072688657015,1601.10890669712,0.925716462135865,0.616018892964348,"da"
"337",0.03721079384856,1600.5192003731,0.97117764785976,0.00368531583808362,"da"
"338",-0.00687382145799687,1600.77353294788,0.0320529464589721,0.03289436805062,"ne"
"339",0.148894375074561,1602.26091034341,0.0193033014133502,0.564981320174411,"ne"
"340",-0.051340859896945,1603.83428255225,0.0199820737716647,0.155819532927126,"ne"
"341",-0.0011104884070321,1603.16747944793,0.0563103482144415,0.206477378495038,"ne"
"342",-0.0260621242796545,1603.42348734363,0.239458135575238,0.728025855263695,"ne"
"343",0.120914304239526,1601.97597818998,0.515436715440578,0.970284508308396,"ne"
"344",-0.0528917843335983,1603.02386339741,0.0556651489309714,0.504957555793226,"ne"
"345",0.0106235623132315,1602.44770184745,0.809782220052908,0.0991219487041235,"da"
"346",0.00806033747486179,1601.7369048542,0.19349086746757,0.470295070903376,"ne"
"347",0.0628459961521054,1601.14009441072,0.0291148956074253,0.600295342039317,"ne"
"348",0.0147849477565747,1600.58925792205,0.186943419657182,0.122229204745963,"ne"
"349",-0.0557813199185061,1601.84094050333,0.0582013107335813,0.17404366703704,"ne"
"350",-0.092653959402927,1603.19919794763,0.0529208133535354,0.250072786351666,"ne"
"351",0.19392969327098,1603.09431982255,0.112915093761997,0.743929451564327,"ne"
"352",-0.109491228768164,1602.26155155856,0.397627432579041,0.818874910008162,"ne"
"353",0.0621011327140308,1600.73531565012,0.127477506563478,0.461467618122697,"ne"
"354",-0.0904784217181971,1602.7203391092,0.0951246598622853,0.832631514640525,"ne"
"355",0.0148671770926378,1600.60479665119,0.147567202020521,0.916797466576099,"ne"
"356",0.125649700574504,1599.94338049917,0.0946365590259913,0.511240997118875,"ne"
"357",0.0440328161763385,1600.27326583825,0.631544008758973,0.643823494436219,"ne"
"358",0.076128726227488,1602.58412754406,0.0349288886740814,0.0836093502584845,"ne"
"359",-0.0821292784452489,1603.36001491255,0.29675366540959,0.240772917168215,"da"
"360",0.172423567536526,1600.39101428732,0.0970668855497549,0.837924232240766,"ne"
"361",-0.0694574638901446,1600.39946673029,0.24605536905389,0.578538627829403,"ne"
"362",0.0482036953103608,1603.62828273966,0.597713695215868,0.313039552187547,"da"
"363",-0.1917672822423,1599.35781002344,0.0518724502799654,0.525723995873705,"ne"
"364",0.06847665031327,1602.48716180489,0.680199654503126,0.0166168687865138,"da"
"365",-0.155066498031183,1601.96444231612,0.291760624245852,0.836368800140917,"ne"
"366",0.0311330920520248,1600.48477069526,0.249883410453362,0.479621303733438,"ne"
"367",0.101719572837924,1601.78739298185,0.0876434459274954,0.0123244875576347,"ne"
"368",0.0515967654972544,1603.09221137817,0.0365359419743431,0.0372539318632334,"ne"
"369",0.102584174124561,1603.50112494183,0.10548295155635,0.183475233381614,"ne"
"370",-0.00192846356005957,1601.33811784721,0.650661693874327,0.783327669370919,"da"
"371",-0.0988576148566199,1602.53442534641,0.0496840536588204,0.1744480044581,"ne"
"372",-0.0462649846808894,1603.28382516224,0.0631842453009799,0.041792768985033,"ne"
"373",-0.0334427735676011,1600.13281660111,0.0185229952384045,0.326085306005552,"ne"
"374",0.103336382686634,1602.50103129902,0.289955288117016,0.696740900166333,"ne"
"375",-0.0773614327098435,1600.14392213926,0.0217916170222646,0.24774975143373,"ne"
"376",0.0419181411586414,1600.88677075819,0.246323960958983,0.100491225719452,"da"
"377",0.0435923217247717,1601.42323920072,0.0377094104525261,0.748486111871898,"ne"
"378",-0.0333914133313417,1602.6614182693,0.232216638233452,0.507635446032509,"ne"
"379",0.0324821610753991,1603.64490658123,0.0188630104397672,0.287044745637104,"ne"
"380",-0.0469833523495076,1602.29953818284,0.0438459226816064,0.00614132499322295,"ne"
"381",-0.0250446542814688,1600.52889901098,0.274846006769892,0.103212077403441,"ne"
"382",0.0970445713501752,1602.61187938127,0.0310895582651153,0.0774052832275629,"ne"
"383",-0.0556639955509624,1600.24114297492,0.0770980732851111,0.64797980315052,"ne"
"384",-0.173188979565818,1601.71380677889,0.109175081939198,0.875526439398527,"ne"
"385",-0.0504593095624293,1603.80163360648,0.528477748747441,0.116320888511837,"da"
"386",-0.0674293154106594,1599.67497528022,0.183868257042777,0.975565537111834,"ne"
"387",-0.0312082194121675,1603.16028287371,0.300710330277468,0.333304672734812,"ne"
"388",-0.0524561431185712,1603.21988496915,0.18588415254206,0.48224686877802,"ne"
"389",0.0419067123977547,1603.43516776716,0.0488205259978204,0.676092200446874,"ne"
"390",-0.0604585044267686,1602.90149711801,0.171591088394958,0.346147710224614,"ne"
"391",-0.122326899327501,1603.14277633907,0.310403399502237,0.152785493992269,"ne"
"392",-0.0380942465911697,1600.49490646542,0.931964386303914,0.773622298846021,"da"
"393",-0.0474725027020224,1599.01207555922,0.114547851659567,0.254377145320177,"ne"
"394",-0.136910007025563,1603.16836782644,0.0732989247871042,0.0285303052514791,"ne"
"395",0.103851792212892,1602.60732668688,0.163199532224599,0.0494393627159297,"ne"
"396",0.0569757679601511,1603.13689608899,0.0217739304123558,0.26186406146735,"ne"
"397",0.209892044968191,1600.76320897639,0.206805300207265,0.108481524977833,"ne"
"398",-0.0620980131126885,1603.15656417548,0.664596698751458,0.50806139362976,"ne"
"399",-0.0324174321316067,1602.38713182523,0.33286333086341,0.780899330507964,"ne"
"400",0.017575267751608,1602.61145416211,0.19084820645044,0.481399448122829,"ne"
"401",-0.0940673892437732,1602.36908296991,0.0622686213448715,0.237764778546989,"ne"
"402",-0.059547050561816,1600.24946567687,0.0271456457091066,0.117613774724305,"ne"
"403",0.139493122755653,1602.12728838824,0.582849027484989,0.130583038320765,"da"
"404",0.0273111666153757,1600.4646683751,0.49795780499804,0.94804866053164,"ne"
"405",-0.163497137390918,1601.27149087743,0.0336721253669355,0.566326665692031,"ne"
"406",-0.0841559696201533,1602.89469105409,0.0664898061234743,0.468153819907457,"ne"
"407",0.0591126336831003,1600.53481171669,0.0397903130429884,0.761315114563331,"ne"
"408",0.014573248993107,1602.92651456045,0.0805587177367102,0.919043701607734,"ne"
"409",-0.0386608947706887,1600.00563276813,0.738357193967853,0.939489473355934,"da"
"410",-0.127597855581184,1602.58496479273,0.14472046969293,0.258772769011557,"ne"
"411",0.136087786577541,1600.52003812194,0.398112094012959,0.351019704015926,"ne"
"412",-0.138798503375043,1600.46571123471,0.183871504308059,0.95046799024567,"ne"
"413",0.0198022347209955,1603.80096718589,0.281664056804337,0.0778908426873386,"ne"
"414",-0.0149140841401409,1602.90496414276,0.0243404232682265,0.119473190279678,"ne"
"415",0.179009092533787,1603.11142904777,0.282832180366698,0.482581857591867,"ne"
"416",-0.0601524456604338,1600.5738525182,0.0250160570944697,0.567699893377721,"ne"
"417",-0.0902810925227205,1603.3118805795,0.0957929057951598,0.346571656642482,"ne"
"418",0.12095078467729,1601.25027752234,0.262098964760415,0.637096452992409,"ne"
"419",0.0698331508909224,1601.49326301331,0.0437321170405916,0.0449810177087784,"ne"
"420",0.0555984612463795,1601.63557967054,0.246785069384432,0.989251577993855,"ne"
"421",-0.235839292911968,1603.14093136251,0.252856772657397,0.816531869350001,"ne"
"422",0.0858385177065819,1600.95549203606,0.0556182211954069,0.80800339137204,"ne"
"423",0.104678083943455,1600.34314695686,0.16359072052488,0.280232722871006,"ne"
"424",0.000213749334898627,1600.68225051735,0.0217015498026922,0.381810127524659,"ne"
"425",0.0353411179466483,1601.55176986272,0.173426442080015,0.11858148383908,"ne"
"426",0.00657013821743869,1602.73280223246,0.491468654535071,0.102880778722465,"da"
"427",-0.00938299693317514,1603.19227983038,0.0672004941971655,0.976175192510709,"ne"
"428",-0.0328421500713182,1602.37130864271,0.0345776035990156,0.254230736754835,"ne"
"429",0.127201888336008,1602.48382333258,0.137206782901306,0.309798622503877,"ne"
"430",-0.111282817241235,1600.44831838193,0.406467555346107,0.375360769685358,"ne"
"431",0.101952242916478,1601.1530196303,0.0984598625029921,0.915128644090146,"ne"
"432",-0.101426389984954,1602.07318732031,0.575587435175097,0.944165631663054,"ne"
"433",-0.0528485577739756,1601.58209886011,0.812369765240071,0.581451631616801,"da"
"434",-0.0972151727472019,1602.51808583301,0.0514821684066287,0.196065295487642,"ne"
"435",0.023052519386618,1601.35264666961,0.0616530927275629,0.144909616792575,"ne"
"436",-0.103821140539627,1600.12288423931,0.162809019619615,0.853313368279487,"ne"
"437",0.17901821245674,1602.94729599403,0.131630309339545,0.958064331440255,"ne"
"438",-0.0349810266701712,1600.75494872021,0.17603975287811,0.333384654950351,"ne"
"439",-0.045012300619116,1601.29721629783,0.0898572947575222,0.0493917705025524,"ne"
"440",0.191896851352651,1601.71593906739,0.0232038725512636,0.0312956015113741,"ne"
"441",0.0723269997033972,1603.40332298744,0.0901647240266342,0.774031426059082,"ne"
"442",-0.0245528697054964,1601.52901130324,0.0423989431042031,0.844456074526533,"ne"
"443",0.126692606376915,1599.71316531095,0.980517997714631,0.709195164730772,"da"
"444",0.0524573059321504,1602.23189878632,0.0869627694858217,0.0219211920630187,"da"
"445",-0.0430964003566364,1602.48292405519,0.0596601935587955,0.470153511501849,"ne"
"446",0.0185872470354122,1599.92082651133,0.0252949052989967,0.847067310474813,"ne"
"447",0.0393723943236505,1603.05663886641,0.164611668111424,0.771663346793503,"ne"
"448",-0.0930421278980213,1602.10903304307,0.0188946158017787,0.474225499201566,"ne"
"449",0.00057132127293378,1602.86754369978,0.0593771807597672,0.93013102770783,"ne"
"450",-0.105452897891041,1601.57315808152,0.0376954212839186,0.0861589163541794,"ne"
"451",-0.170708588992428,1603.21174325671,0.518177600705899,0.902565014082938,"ne"
"452",-0.0785390214556368,1601.93022815016,0.786781290515051,0.350102849770337,"da"
"453",-0.0521305779827651,1602.31306308404,0.255934415484254,0.988906861515716,"ne"
"454",0.0420472571615283,1603.17446417414,0.0608714453708609,0.370934256119654,"ne"
"455",-0.0235144407658515,1602.12224204365,0.195006213638381,0.846151552163064,"ne"
"456",-0.039859132687838,1603.1665476488,0.623053244045369,0.288546919124201,"da"
"457",-0.0680013380394422,1601.14042354124,0.142379163944088,0.689101026859134,"ne"
"458",0.138161607888994,1602.41954352584,0.128923030577032,0.028164048679173,"ne"
"459",-0.0745172368921326,1603.0808313527,0.885845726949641,0.582942279987037,"da"
"460",0.00217056278123529,1603.04253371314,0.877924410965047,0.393949491670355,"da"
"461",-0.0319101084200941,1603.65236914132,0.0692280636574165,0.799977937480435,"ne"
"462",-0.0755037830827172,1602.94873139575,0.215980169399603,0.242672802647576,"ne"
"463",0.0605302491898718,1603.34842737957,0.0753273536215277,0.547828075010329,"ne"
"464",0.0585270876715751,1600.3824787158,0.0579576866851351,0.0356662538833916,"ne"
"465",-0.0430655622352456,1600.33900009034,0.644904199741221,0.972676124889404,"ne"
"466",0.00790338285889953,1602.15507431678,0.646781626787098,0.119608517969027,"da"
"467",0.0748859877106417,1600.39290463564,0.0529508553021996,0.284552828874439,"ne"
"468",-0.0160891199114677,1601.39790912973,0.326929907380671,0.379908873699605,"ne"
"469",-0.063132195180822,1602.4014999814,0.0390652830791658,0.737928038695827,"ne"
"470",0.027714134470287,1600.60734779068,0.372268938669841,0.989497625967488,"ne"
"471",0.0875436466327202,1601.3014985829,0.0394623321639336,0.299981047166511,"ne"
"472",0.0610334473278381,1604.00929450554,0.199852248627639,0.724965137429535,"ne"
"473",-0.0327808162243182,1602.92656880499,0.0186218549733941,0.455226391321048,"ne"
"474",0.035019495809313,1602.7312258805,0.062591270171468,0.846206751884893,"ne"
"475",-0.0230681849390197,1602.99592978056,0.480848388077868,0.143430744996294,"da"
"476",0.109398698227333,1602.85161705265,0.224462322055187,0.565254610264674,"ne"
"477",-0.0286385277031962,1601.08369356694,0.0381522277844666,0.434859185479581,"ne"
"478",-0.00878542759618744,1600.43392372755,0.0722888035454254,0.248629504814744,"ne"
"479",-0.0322106419157171,1601.0584451493,0.351675142520315,0.524300128687173,"ne"
"480",-0.0245943260153797,1601.65871504821,0.0381707189402096,0.57067302800715,"ne"
"481",0.141006912247756,1603.02504225299,0.0233898508666563,0.806579186581075,"ne"
"482",-0.0483326663474581,1602.18808024216,0.0884634262481246,0.544892208650708,"ne"
"483",-0.00773652573787119,1603.59766653221,0.190444247829126,0.0908332553226501,"ne"
"484",-0.0801160269914651,1600.13313931967,0.0328410447536159,0.697986732469872,"ne"
"485",0.13576498095408,1601.05165494069,0.0445506756281922,0.90664089540951,"ne"
"486",0.0098046501825358,1602.54947557385,0.229426637858804,0.149042704608291,"ne"
"487",0.0620403941940991,1600.02919484214,0.249586802001462,0.420105248922482,"ne"
"488",-0.0400889551518962,1600.11136846721,0.230372911414709,0.529544123681262,"ne"
"489",0.109433884739878,1602.9683622359,0.050676571890587,0.58648365852423,"ne"
"490",-0.0857972518581159,1601.25434380535,0.45018496634689,0.0274878232739866,"da"
"491",0.167655574183009,1602.7683465413,0.0258181902763485,0.433286167215556,"ne"
"492",0.0585119359824681,1602.34868640984,0.639664263366917,0.586355980020016,"ne"
"493",0.06399445139598,1601.07647883712,0.0190763764038832,0.781176261371002,"ne"
"494",0.00648423806170203,1602.98804003446,0.568831950571409,0.0222234388347715,"da"
"495",0.209616860658817,1601.88346718559,0.0281864336355577,0.966900447150692,"ne"
"496",-0.224999265284431,1602.36760409228,0.0240853108525112,0.302735687466338,"ne"
"497",-0.1796122437072,1600.82534591219,0.857889100238664,0.904964424669743,"da"
"498",-0.0845850426988321,1602.09879852415,0.921266238906299,0.742844182765111,"da"
"499",0.0826704726750764,1602.29125808922,0.0208425130253905,0.742816611425951,"ne"
"500",-0.152384152059592,1601.18233589396,0.0541969516735803,0.180671242298558,"ne"
"501",0.0031849468132184,1601.3363899824,0.0645480417254383,0.62183768232353,"ne"
"502",-0.0987285813484244,1601.55915242081,0.0348346037337267,0.02965521463193,"ne"
"503",-0.0319801962335567,1601.58317964479,0.290652081953149,0.0683102414477617,"ne"
"504",0.169733534777674,1600.90795753954,0.0398195844985939,0.441319805337116,"ne"
"505",-0.0209364635490834,1600.16949011947,0.0479583906743309,0.792746540624648,"ne"
"506",-0.0260806290870961,1603.09686781189,0.107825135220457,0.746494452469051,"ne"
"507",-0.13372650907233,1602.9624807615,0.134169078346308,0.697537746978924,"ne"
"508",-0.0850452517237866,1601.16387047134,0.0268533057471685,0.530632140114903,"ne"
"509",0.0635044617831825,1602.65168188412,0.0345285276150598,0.481153328204527,"ne"
"510",-0.129741306900041,1601.66564870871,0.961550982607046,0.25353352795355,"da"
"511",-0.233945458879543,1601.39423500802,0.260369336269088,0.30088051292114,"ne"
"512",0.109662944441733,1603.70329749864,0.836711761147269,0.0275257516186684,"da"
"513",-0.181201540022007,1600.8634979665,0.082245409228968,0.67761233006604,"ne"
"514",-0.216541024603942,1600.42869515564,0.0588949909175019,0.90144907659851,"ne"
"515",-0.052626702430245,1602.72057675806,0.161327199332221,0.354149307124317,"ne"
"516",-0.0144768894577068,1600.23202083276,0.631981973422352,0.152877650922164,"da"
"517",0.106691152703578,1603.9615048375,0.156408886225314,0.0522275280673057,"ne"
"518",0.0675394197818285,1600.63300233387,0.118799815082465,0.192508603213355,"ne"
"519",0.0249848044525496,1602.69770286132,0.0304052245237634,0.904929199488834,"ne"
"520",0.0141493967444979,1603.17569224254,0.353934352935375,0.467248871456832,"ne"
"521",0.153902988699881,1601.11810922377,0.0249048749262589,0.055775799555704,"ne"
"522",0.0400072350266705,1602.55945839823,0.0230058675536582,0.391108516836539,"ne"
"523",0.163511148674407,1603.15736384279,0.0521918440482711,0.331972856773064,"ne"
"524",-0.107427849351502,1599.03698438689,0.974249182859968,0.426861700136214,"da"
"525",-0.0981505034460959,1601.28903168688,0.0258865848707387,0.193213481223211,"ne"
"526",0.234240488606341,1601.79633874573,0.177909346944762,0.716567310504615,"ne"
"527",-0.0734078901383227,1604.15540478012,0.845301294023087,0.800506215309724,"da"
"528",-0.0657370709722459,1602.79590156572,0.863573525519673,0.982841692166403,"ne"
"529",0.130777669617468,1600.63706775611,0.299083550442429,0.717835052870214,"ne"
"530",-0.107705252972816,1601.20214272214,0.62621532037361,0.359201798215508,"ne"
"531",0.0112255103627424,1602.17311101637,0.809220881981484,0.197797404136509,"da"
"532",-0.0624366238576335,1602.82866466113,0.319559679327562,0.331605575513095,"ne"
"533",0.00155156030649435,1600.28152111617,0.395196603624924,0.588638000655919,"ne"
"534",0.0983390459226453,1602.6832889492,0.123728636676607,0.000881621148437262,"ne"
"535",-0.00438901991456547,1602.7580246552,0.146450790865601,0.29736041999422,"ne"
"536",0.0364722105069023,1602.2747199419,0.0962953906173109,0.695489225210622,"ne"
"537",0.0213814473116296,1602.96967552335,0.558165828473309,0.261026780353859,"da"
"538",-0.0855920082143546,1600.26480849278,0.0536633098673906,0.632723386166617,"ne"
"539",0.0395831201406297,1601.04381746184,0.471740880708506,0.207258523674682,"ne"
"540",0.275016207280555,1603.11538964248,0.157038173640899,0.316049989080057,"ne"
"541",-0.00352002835487744,1603.80121498963,0.0688025729277597,0.0442200764082372,"ne"
"542",0.0199875130269384,1600.79557001885,0.628356231887206,0.231499089859426,"da"
"543",0.117589250799141,1603.06331803101,0.0304586521772779,0.0762160310987383,"ne"
"544",-0.00174946757428464,1603.07774606231,0.616861470523609,0.822618040954694,"ne"
"545",0.0965877539537018,1601.12928734178,0.12585807633386,0.42964269220829,"ne"
"546",0.00690581983668644,1603.41022582701,0.569508786278605,0.4075162706431,"ne"
"547",-0.0962995427450595,1601.95629587847,0.196791430305674,0.627355015138164,"ne"
"548",-0.00554589112858641,1600.37654787453,0.109280928361425,0.0627916555386037,"da"
"549",0.0394046124599403,1601.09550848653,0.0407409066572706,0.491160024190322,"ne"
"550",-0.0491402779835756,1601.25512822297,0.618285987373848,0.647639143280685,"ne"
"551",-0.0598170712889664,1602.09233622627,0.0537548067676958,0.908520095515996,"ne"
"552",0.125072787156513,1599.95175523605,0.107684007138598,0.328609032556415,"ne"
"553",0.0649354438321965,1600.66234372468,0.804492486221124,0.692158205900341,"ne"
"554",0.0730094257722151,1603.40605342785,0.0378024888217242,0.74291006475687,"ne"
"555",-0.0774190522977317,1599.76942880871,0.236981840302151,0.52116959169507,"ne"
"556",0.0631337475336155,1599.63167273984,0.196593204905745,0.344222217565402,"ne"
"557",0.101459819993982,1601.77079906831,0.0432404003837764,0.563161961501464,"ne"
"558",-0.0448407220119995,1603.78356437967,0.0681199060239533,0.64012561342679,"ne"
"559",-0.0593738339479819,1600.53941117247,0.0235866466887109,0.110989946871996,"ne"
"560",0.11285767234834,1603.7814003097,0.0861610429349945,0.843684517545626,"ne"
"561",0.00358195440390859,1601.41230697847,0.45218592261528,0.054549858905375,"ne"
"562",0.062892796911564,1602.56050718064,0.149190740088717,0.489268563920632,"ne"
"563",-0.196136058533662,1603.14037159171,0.214761974244159,0.993590542813763,"ne"
"564",-0.274381178587711,1601.53888605965,0.229856951129019,0.955643964931369,"ne"
"565",-0.0454974644702716,1601.96105457894,0.458022703817874,0.343163182958961,"ne"
"566",0.0330627884379243,1602.87521903892,0.0582822785239828,0.160737036261708,"ne"
"567",-0.113262158499276,1603.16433271986,0.47354104840976,0.968691376736388,"ne"
"568",-0.0311436025495803,1603.19511104295,0.713453617622192,0.109364794567227,"da"
"569",-0.0863125932477048,1599.61283108335,0.0302372865589888,0.831862275255844,"ne"
"570",0.00750698661292453,1603.42977389195,0.13465988611502,0.501056601526216,"ne"
"571",0.000985981930232788,1603.58274078547,0.0357746638688306,0.0243059489876032,"ne"
"572",-0.0306452334356329,1601.87097937463,0.0585917142710325,0.87017027894035,"ne"
"573",-0.0995198292556167,1599.93228176801,0.278993275982173,0.194192907540128,"ne"
"574",-0.124648587931512,1599.83040280015,0.301289475141026,0.120685591595247,"da"
"575",0.124400181406092,1600.77733624058,0.315950496523112,0.301055139163509,"ne"
"576",-0.0429540588863542,1600.63311391122,0.0248616375314086,0.203727328917012,"ne"
"577",-0.142223989262114,1602.65732070348,0.0823541692415031,0.280814386438578,"ne"
"578",-0.0485059883673725,1602.36717859124,0.74649769930119,0.716763126198202,"da"
"579",-0.116384242353752,1602.009787599,0.0193757405122837,0.442369410069659,"ne"
"580",-0.0574596627430999,1602.57566479149,0.480583156314205,0.602444279007614,"ne"
"581",-0.255241577499466,1602.95899492997,0.276821032491806,0.429447104223073,"ne"
"582",-0.233680007181385,1602.28395356436,0.0538648551488301,0.494024242274463,"ne"
"583",0.0651418874819581,1600.79772252735,0.0703389550715034,0.628963433438912,"ne"
"584",-0.112282941238888,1602.4931985492,0.236505146891448,0.0974016478285193,"da"
"585",0.0207899287981633,1600.90633387355,0.129740885538479,0.280731368111446,"ne"
"586",-0.127666745209219,1600.96049170605,0.130518323456962,0.240560208912939,"ne"
"587",-0.0144999790876487,1600.1751112954,0.539101884265544,0.969487495953217,"ne"
"588",-0.111779227492276,1603.20256893193,0.0227392225961536,0.174473495222628,"ne"
"589",0.0256865727863016,1602.46033877241,0.113337071893382,0.555942652048543,"ne"
"590",0.0372265523991354,1601.960267767,0.15293972404036,0.611086807446554,"ne"
"591",-0.0691373633803467,1602.80592167403,0.0257974878464628,0.729543096618727,"ne"
"592",-0.0261294899130138,1603.07820687421,0.918574863072344,0.0413632187992334,"da"
"593",0.0365516006114919,1599.75114521556,0.301779697478665,0.374763257103041,"ne"
"594",0.0656530758982636,1602.62553884414,0.4835858854949,0.226195693947375,"ne"
"595",-0.0626854297672059,1602.81231055051,0.108876092344329,0.755822442937642,"ne"
"596",-0.0728756790347024,1602.87689497195,0.380858876156976,0.97865022928454,"ne"
"597",-0.188540010637913,1602.50595004136,0.174919564293568,0.00156574160791934,"ne"
"598",0.0908177863290218,1602.14098037168,0.0485555960149896,0.386037159245461,"ne"
"599",0.0253504515293248,1600.0297166443,0.334966004709572,0.76123012136668,"ne"
"600",-0.123543698490181,1603.09992270092,0.0691626956185245,0.606458581751212,"ne"
"601",-0.0657441633079119,1603.26646498233,0.518843138308853,0.798454031581059,"ne"
"602",-0.0835172661579909,1603.70071697436,0.411984399822085,0.876721528125927,"ne"
"603",0.0554433174569054,1602.49805344838,0.829042031545307,0.978807619540021,"ne"
"604",-0.171929688780841,1600.13698708798,0.64322456636433,0.796587539371103,"ne"
"605",-0.0360431340816269,1600.86383655127,0.406380088488869,0.180683848215267,"ne"
"606",-0.0132292260209439,1602.44490174552,0.278890706381208,0.393811936257407,"ne"
"607",0.0922649097558277,1599.74787758081,0.18653260854192,0.755601832875982,"ne"
"608",-0.00994117588987613,1601.54735201219,0.0656097832462851,0.552169038448483,"ne"
"609",0.0210124816718238,1602.43740366512,0.0704780133496546,0.0266396477818489,"ne"
"610",-0.0242337845040993,1600.18169853772,0.0909559028460437,0.278523050947115,"ne"
"611",0.117281297976728,1603.73608626227,0.831022917899515,0.212973818415776,"da"
"612",-0.084714064423708,1602.85784181346,0.0198534729644927,0.763623815961182,"ne"
"613",-0.05880334883018,1601.39376593745,0.0382877790712822,0.649300546152517,"ne"
"614",0.0224242708437698,1603.06354112029,0.867839619134562,0.0929055870510638,"da"
"615",0.123221261652479,1603.26752774455,0.022295831947285,0.528720614500344,"ne"
"616",-0.0542632055963869,1601.15657120207,0.859560613674746,0.455254687694833,"ne"
"617",0.0173677024451079,1602.23091061117,0.0611765182050353,0.193080704193562,"ne"
"618",-0.01351072798577,1602.03831970685,0.0212882231843282,0.136472637532279,"ne"
"619",0.119111819135879,1603.22790801699,0.0208871726815069,0.705500535899773,"ne"
"620",0.0238153971650992,1603.46940603264,0.0372412196528021,0.955904557835311,"ne"
"621",0.124442537496386,1602.92849974991,0.654382628974034,0.147735631559044,"ne"
"622",0.10556119212485,1600.27613698847,0.176228613119815,0.0979413094464689,"ne"
"623",-0.0242735108100171,1600.83190802888,0.0270885530617538,0.899502977496013,"ne"
"624",0.00561541273228122,1600.68716231733,0.0688011036489102,0.119923379970714,"ne"
"625",0.12819845063204,1602.18583527374,0.143585504498689,0.421909381868318,"ne"
"626",-0.0534321418365813,1600.96121537398,0.191349595655631,0.792725877137855,"ne"
"627",-0.0417714127871699,1600.7842639998,0.0386580095264962,0.618003541836515,"ne"
"628",0.00570914838685024,1600.23838130729,0.936868235279588,0.518146283226088,"da"
"629",0.0186751858828681,1601.6007815755,0.0490560941425758,0.913295534905046,"ne"
"630",-0.106376987776556,1600.79445547285,0.197222378656855,0.392886983463541,"ne"
"631",-0.114858016910604,1603.76487211931,0.0903687234970437,0.79011514945887,"ne"
"632",-0.100803802754927,1602.68754381086,0.397051591107884,0.805248966440558,"ne"
"633",-0.0666850444427624,1601.64861749192,0.0185322049275548,0.828515358269215,"ne"
"634",-0.00532243378666366,1603.1986202707,0.0306707087159482,0.298161820042878,"ne"
"635",0.0156338764600454,1602.6961332856,0.357503233843308,0.997633833438158,"ne"
"636",0.0667653633602398,1602.74237724586,0.362323853840479,0.675011649494991,"ne"
"637",0.207166080514728,1603.26863091319,0.0215901581138497,0.23387268721126,"ne"
"638",0.0591274089325969,1602.71950185172,0.0312080336693096,0.618304619332775,"ne"
"639",0.0106189220468652,1602.95379898203,0.638887591028906,0.18068915233016,"da"
"640",0.0493105134843193,1601.41646591185,0.142822079245397,0.0592860898468643,"ne"
"641",-0.0768855467676283,1603.24330391104,0.151021748051937,0.766394681064412,"ne"
"642",0.0341775727557396,1602.72165648911,0.0532735641787457,0.0512287982273847,"ne"
"643",-0.0135409462328724,1600.61946277838,0.917050617653837,0.749505302170292,"ne"
"644",-0.000318621345482873,1599.31327377668,0.10450230345479,0.400529897771776,"ne"
"645",-0.173713187265323,1602.37273442903,0.140432253793636,0.769523190800101,"ne"
"646",-0.0674284357738351,1600.06869823469,0.113570357987895,0.257090061903,"ne"
"647",0.176084940909118,1603.24902312804,0.517764104161286,0.353067842079327,"ne"
"648",0.145893619047908,1602.64236315235,0.244636824426355,0.812806012807414,"ne"
"649",0.0770820360298266,1602.56611244623,0.091107853318933,0.412971965968609,"ne"
"650",0.118842261277913,1602.54316431311,0.17859057941726,0.138196051353589,"ne"
"651",0.0557817668398517,1602.86279401972,0.0274986854066113,0.946555293397978,"ne"
"652",-0.0525291905643778,1603.23329330509,0.022094440313364,0.0505550417583436,"ne"
"653",0.00211352026665889,1601.40422786131,0.112377994380599,0.548862592782825,"ne"
"654",0.0431251107511162,1603.33754918947,0.501585121437345,0.906506141182035,"ne"
"655",-0.0698958424640772,1601.340399237,0.24096924964839,0.0952677996829152,"da"
"656",0.0584892314177352,1602.77698737493,0.157882348499308,0.889737693592906,"ne"
"657",0.11480464630694,1600.96691619768,0.0995912878189922,0.721083355136216,"ne"
"658",-0.0353755803032492,1600.471741872,0.377912367054207,0.192117350175977,"ne"
"659",-0.0233392837414454,1602.9720381667,0.13605413979434,0.690459351753816,"ne"
"660",-0.0304139707545244,1601.1192283249,0.935946320434592,0.658166629029438,"da"
"661",-0.0556538863192181,1599.65406163405,0.279176322168855,0.486834557028487,"ne"
"662",-0.0448507701919187,1602.45487089045,0.0561694433743912,0.912967408774421,"ne"
"663",-0.0742360434882944,1602.20459659787,0.0282808902555346,0.89471579529345,"ne"
"664",-0.0934454608727155,1602.2371850819,0.225179953888838,0.778522587614134,"ne"
"665",0.0609017217949286,1599.82278801943,0.100656022521296,0.761343423742801,"ne"
"666",0.0798982296873377,1602.27655166349,0.0722844435600965,0.100704856449738,"ne"
"667",0.0432991017956907,1603.10885637389,0.0501917446934724,0.960100053576753,"ne"
"668",-0.0813462566407953,1602.45284519254,0.756116722353129,0.282399892807007,"da"
"669",0.048367249629528,1602.13244377156,0.076376757123551,0.714620599523187,"ne"
"670",0.0309705480910025,1603.49508597779,0.268351368488654,0.10188927128911,"ne"
"671",-0.134814189726283,1602.83497679408,0.786026619732265,0.0588323383126408,"da"
"672",-0.0574694903684338,1601.25823891293,0.203434261878824,0.907935116905719,"ne"
"673",-0.0557944638607108,1601.1245189145,0.841251516434486,0.377080025151372,"da"
"674",-0.103989610341177,1602.38338171774,0.484607383906709,0.28138934308663,"ne"
"675",0.156693605842227,1600.49750905088,0.184499084340855,0.022342033451423,"da"
"676",0.00324351724881614,1601.35140897839,0.365168459269993,0.543482746230438,"ne"
"677",-0.15324868996838,1600.17247689752,0.392097227175486,0.355793285416439,"ne"
"678",0.165199421354652,1603.64630466061,0.381272148404657,0.332104049390182,"ne"
"679",-0.0521508229697337,1603.21494657037,0.0265071518085826,0.881236693589017,"ne"
"680",-0.0425337569801,1602.31643727072,0.650826583239365,0.485651856521145,"ne"
"681",-0.0268460193808296,1600.56925914216,0.300848227314527,0.399742246139795,"ne"
"682",0.0033324003305498,1602.74939160892,0.211560997293979,0.0258536867331713,"ne"
"683",0.0677811904892175,1603.7042537726,0.0321934079350883,0.128679238259792,"ne"
"684",0.0727858580615698,1603.326052098,0.0519087687624273,0.149496516911313,"ne"
"685",-0.0888882704222106,1600.45330260373,0.1959014374574,0.266384613700211,"ne"
"686",0.0279649082489307,1600.65878540779,0.0647371066813867,0.870876469649374,"ne"
"687",-0.0571571625720778,1602.24882399936,0.076053426699778,0.428861309541389,"ne"
"688",-0.148122749651669,1602.92898679815,0.211015270480333,0.375852304045111,"ne"
"689",-0.048715417830934,1603.56680542576,0.168751867295559,0.564867856912315,"ne"
"690",-0.0296543024912624,1601.10570347285,0.0202285195910607,0.369865457527339,"ne"
"691",0.296504512215578,1602.41009531469,0.434554306695803,0.530637254472822,"ne"
"692",0.0579048337033689,1601.43007299561,0.915887834624335,0.0714618971105665,"da"
"693",0.187301577383152,1602.41614743983,0.0848247726544645,0.664772474672645,"ne"
"694",-0.00755857021537419,1603.25009564308,0.725204729366051,0.785706519614905,"ne"
"695",0.119693222519207,1603.6005851124,0.0466086585485351,0.364591722842306,"ne"
"696",0.0448602193807811,1603.45033973874,0.416855356876848,0.472743225516751,"ne"
"697",0.0230365495102819,1602.59494974418,0.761850447455316,0.712994031375274,"da"
"698",0.141379905641214,1601.33215992636,0.210709765289365,0.400393459713086,"ne"
"699",-0.11621466580352,1601.28008465775,0.581696633505371,0.105841532349586,"da"
"700",0.102841322659217,1602.29796881625,0.335446018920946,0.731278364779428,"ne"
"701",-0.124804411910963,1603.87172908847,0.810497086643979,0.847991498187184,"ne"
"702",0.0332537805455086,1600.89347641808,0.0237189962041607,0.699108898639679,"ne"
"703",0.258144858901389,1601.87460893887,0.245301952855577,0.865694575943053,"ne"
"704",-0.00327774941820633,1602.72173403225,0.336271912546911,0.130321979522705,"ne"
"705",0.10923804015935,1604.03821933199,0.0256400429533905,0.959908311255276,"ne"
"706",-0.0425287228358096,1603.45268989154,0.0426176170937369,0.535021310206503,"ne"
"707",-0.0535561841041125,1600.05599998545,0.0229439593832714,0.643484832718968,"ne"
"708",0.0537380236730899,1602.19428410126,0.214481056317522,0.395901845069602,"da"
"709",0.024807830263806,1603.38179835179,0.161735622380764,0.405385665595531,"ne"
"710",-0.133132548887913,1601.65412253954,0.025877198042953,0.669658994069323,"ne"
"711",-0.180237193999332,1602.0725522732,0.0441038926116414,0.869803071022034,"ne"
"712",-0.0196225986551109,1601.71434072763,0.0268320680776616,0.0547002297826111,"ne"
"713",0.0568808087704757,1602.26241360546,0.202264354401481,0.776178691536188,"ne"
"714",0.0391560774055817,1602.87982279605,0.439423938596042,0.0496898610144854,"ne"
"715",0.0929721360737389,1602.7390002518,0.0529208676178325,0.15182871860452,"ne"
"716",0.132061316561277,1603.01869117437,0.192872372651787,0.564911285182461,"ne"
"717",-0.0893851641987992,1602.06762591743,0.0297157372131875,0.471245156833902,"ne"
"718",0.132507552146947,1602.84503716949,0.0426172429306897,0.25202911044471,"ne"
"719",-0.122004677406278,1602.6731381184,0.663230142000466,0.406750363763422,"da"
"720",0.0617220802796751,1601.05579936857,0.187599906084137,0.640975530492142,"ne"
"721",-0.211929872975583,1601.1297918964,0.147166018783952,0.162657593842596,"ne"
"722",-0.0731488460695306,1602.20450977818,0.0531266740450058,0.240625774255022,"ne"
"723",0.197970509674272,1603.88640519876,0.937406034323781,0.63422508793883,"da"
"724",0.121474203790705,1602.23649006549,0.0744034777360839,0.631164738675579,"ne"
"725",0.0495768035106387,1602.80533952572,0.167620698942746,0.938566378783435,"ne"
"726",-0.0407985999549454,1603.16741017792,0.188961132117924,0.55603183247149,"ne"
"727",-0.119729675266292,1602.96933460565,0.0588984150429297,0.48864784068428,"ne"
"728",0.0476872797559337,1602.66380362191,0.0687810669837394,0.354967687744647,"ne"
"729",0.0678500776950545,1602.73970921468,0.635146742117255,0.143137556733564,"da"
"730",0.055832106678315,1602.0800539431,0.202107784655749,0.460981394397095,"ne"
"731",0.136969718343113,1600.95257660681,0.170011779381017,0.949288810603321,"ne"
"732",-0.0284252562049052,1603.04462249545,0.0611590835259142,0.396197118563578,"ne"
"733",-0.0211747177406678,1603.11209922493,0.0391200886479004,0.727332073962316,"ne"
"734",0.0546410385057083,1601.11504745711,0.193812373012076,0.0818124520592391,"ne"
"735",-0.131347537044876,1601.33924545335,0.145762242095761,0.949630090501159,"ne"
"736",0.0567836136914343,1603.06314220483,0.269988729481479,0.665337284794077,"ne"
"737",-0.179150519531624,1601.72274304628,0.772939761709263,0.996165961027145,"ne"
"738",0.102231140733246,1603.25590802588,0.0490588009007139,0.502190714934841,"ne"
"739",-0.0883804844592057,1601.31769986397,0.088316210488409,0.855343267554417,"ne"
"740",-0.109461987217211,1601.83905587225,0.0384487324549707,0.442950751166791,"ne"
"741",-0.101121327544102,1602.10870187674,0.198767132781,0.122787434142083,"ne"
"742",0.126211334164402,1604.12276162566,0.112178183191062,0.511351073393598,"ne"
"743",0.176986923263063,1600.34484539067,0.162903520047475,0.24870947538875,"ne"
"744",-0.0282315864705802,1600.40188748843,0.185224014782581,0.788327384972945,"ne"
"745",0.163162297797281,1602.51213977242,0.434147801203882,0.569312081905082,"ne"
"746",-0.0131983115610819,1603.84411246191,0.0345895860240369,0.353505634935573,"ne"
"747",0.0577344086198319,1602.61876607798,0.161006143528133,0.430016327183694,"ne"
"748",-0.0257231872851957,1603.24530791085,0.133399462014035,0.230946566909552,"ne"
"749",-0.0911134523790481,1602.29136121882,0.214427743995978,0.079176363768056,"ne"
"750",-0.144526246858482,1603.60572832302,0.124727027476728,0.0982375962194055,"ne"
"751",0.0863291810975984,1602.05340998112,0.0444265903625632,0.516651710495353,"ne"
"752",0.0640583065271659,1601.56754159366,0.115881158327713,0.536150876665488,"ne"
"753",0.097539090841533,1600.01109669693,0.0261830687256613,0.962463434552774,"ne"
"754",-0.000429441781775498,1601.45209258461,0.483884751717328,0.0131646161898971,"da"
"755",0.000494158393662555,1602.42578129917,0.0913780526062184,0.14253771933727,"ne"
"756",-0.0318093902591925,1599.87541244206,0.145036796509039,0.579696393804625,"ne"
"757",-0.0902231959151707,1603.10163988237,0.669991621060055,0.64108635741286,"da"
"758",-0.12191060319439,1603.56807829868,0.143790575588848,0.940927650779486,"ne"
"759",-0.208469188747596,1602.52975884313,0.118136123693639,0.479016748024151,"ne"
"760",0.0996917850402737,1602.58191574664,0.0635872218354203,0.248911634786054,"ne"
"761",-0.13109231064386,1601.44394603541,0.293180797314627,0.56190774939023,"ne"
"762",-0.0531224577068304,1602.77827261864,0.399255466495252,0.0306663988158107,"da"
"763",-0.0329333422790755,1602.31634295882,0.548844452759699,0.979770376114175,"ne"
"764",0.0388019358733931,1602.82039144484,0.0319259125133933,0.925312890205532,"ne"
"765",0.131518523962255,1600.81346912482,0.225800695128824,0.147059097187594,"ne"
"766",-0.0989742325200014,1602.26121448944,0.0344755768945518,0.870997302001342,"ne"
"767",0.00882525921230442,1602.78359605103,0.0474749695424655,0.280128810321912,"ne"
"768",-0.062247882103151,1600.53373415724,0.801419240591266,0.600491377990693,"da"
"769",-0.0326020472884572,1600.84812932875,0.29746227110589,0.756976022850722,"ne"
"770",-0.137009635838938,1603.53234777632,0.0558220954053553,0.501910830847919,"ne"
"771",0.034910264144041,1602.73614010689,0.317545362909178,0.754431797424331,"ne"
"772",-0.203663503825671,1602.77677518555,0.100797182466987,0.912674856139347,"ne"
"773",-0.061280110489832,1602.88155154243,0.0205606378019055,0.00659272773191333,"ne"
"774",-0.0340046353319554,1602.92868655792,0.272391486010983,0.721427916316316,"ne"
"775",-0.0078730380448082,1602.46381378119,0.0230225195606274,0.687022319529206,"ne"
"776",0.0121451479329119,1603.13028680043,0.0997795045080532,0.308398294029757,"ne"
"777",0.106962666423705,1603.07098080897,0.020285698161489,0.947709105443209,"ne"
"778",-0.0289555467242639,1603.04162483834,0.44405736565495,0.398527114419267,"ne"
"779",-0.0692065700143962,1602.79662666738,0.100782752331422,0.322386222193018,"ne"
"780",0.0972091175387662,1601.70670147529,0.119183035441533,0.096767854411155,"ne"
"781",0.0378039386861042,1602.26137224997,0.0729178336022071,0.309176022652537,"ne"
"782",0.110869660212027,1602.47076260637,0.810268170206248,0.861894661327824,"ne"
"783",-0.024571653076102,1601.10214875413,0.437049925745481,0.701214934233576,"da"
"784",-0.0617874749790573,1601.1795490835,0.361159494282892,0.785302760079503,"ne"
"785",-0.0067726464371694,1601.29750080312,0.985223722812237,0.204324262449518,"da"
"786",-0.0340877094632877,1603.41721201858,0.021206074209084,0.472262246068567,"ne"
"787",-0.0212846797252926,1603.21610073139,0.0213633711007007,0.297245155321434,"ne"
"788",-0.0775070378258086,1601.08634621651,0.0420768717072958,0.0106214962434024,"ne"
"789",0.264624501230647,1602.89613479929,0.0474500283679828,0.519051467534155,"ne"
"790",0.0194104538874499,1601.5973208237,0.0292452724279764,0.402410321868956,"ne"
"791",0.120432635078621,1602.75805421886,0.608498621531887,0.353543455945328,"ne"
"792",-0.121140317571166,1601.09488864302,0.243248854070177,0.237716192379594,"ne"
"793",-0.0390719738929715,1603.2171328242,0.0906937174012527,0.0396573634352535,"ne"
"794",0.0637160963986457,1602.95024198509,0.125742495489981,0.105356181040406,"ne"
"795",-0.0926388410140515,1600.58857381175,0.935471381951659,0.521806589560583,"da"
"796",-0.0557153948515366,1602.31270705371,0.06691531023269,0.32911444385536,"ne"
"797",-0.118749464363234,1602.51502024703,0.438646553256083,0.0690735783427954,"da"
"798",0.036437383050556,1600.69632843726,0.0235265738472227,0.760472632711753,"ne"
"799",0.136632852257569,1603.18818530548,0.0581846582271074,0.21530257537961,"ne"
"800",-0.0176463250467791,1600.94545889449,0.730149802104572,0.774792654672638,"da"
"801",-0.129544587141439,1603.76060211061,0.678913132659964,0.498668961925432,"da"
"802",-0.1680357575033,1601.47777425179,0.0298554363202061,0.149614073801786,"ne"
"803",-0.0815533078436323,1602.46582864594,0.0995563537649339,0.623137840302661,"ne"
"804",-0.0350337299083779,1603.30186066964,0.412020647111225,0.0228586229495704,"da"
"805",-0.00416594847492676,1601.77594978285,0.705064512866817,0.897338444367051,"ne"
"806",-0.114582780376107,1602.9575366684,0.434185510406619,0.290775403846055,"ne"
"807",0.013773922100535,1603.47784776987,0.0680527522648946,0.881717826006934,"ne"
"808",0.221549228387095,1601.99396340787,0.255445754167215,0.804833852220327,"ne"
"809",-0.204176999559912,1602.44091867782,0.685774180735643,0.744322457816452,"da"
"810",0.0613853239064099,1603.0664295444,0.32194780420876,0.256901238812134,"ne"
"811",0.0285064406214832,1601.74783690625,0.673466548909803,0.935424882918596,"ne"
"812",0.0246848442839822,1602.92671689538,0.324955529394828,0.109498106641695,"ne"
"813",0.0818441820754551,1602.77860342161,0.0872520155045148,0.57912013400346,"ne"
"814",-0.032008592377487,1601.49463809989,0.204254919808018,0.655388617189601,"ne"
"815",0.00539614467996988,1602.2883314838,0.279239498136111,0.83675876329653,"ne"
"816",-0.0225644891792063,1603.23191656545,0.424463395693337,0.829624572303146,"ne"
"817",0.0916410901547213,1600.85536896386,0.0885920015170818,0.00710215815342963,"ne"
"818",0.00485616357566326,1602.82503736163,0.195405718025926,0.70060707628727,"ne"
"819",0.308952955242498,1602.32715632429,0.748027799707858,0.61103966133669,"ne"
"820",0.0828591256693373,1600.44293511178,0.17315661867127,0.210267984075472,"ne"
"821",-0.0441196400320543,1603.45811502542,0.0561400444757701,0.758797889808193,"ne"
"822",-0.00620793477003535,1601.35352977855,0.11202799086934,0.881080123828724,"ne"
"823",0.0969541195283701,1603.25685828036,0.361770459601701,0.878926244331524,"ne"
"824",-0.00347714399253053,1601.08362186778,0.0534855235404154,0.428448797902092,"ne"
"825",0.120470820167915,1601.1280743072,0.660450567401954,0.978384905261919,"ne"
"826",-0.0763518806957457,1600.26846202136,0.487908595175303,0.171568680088967,"da"
"827",0.0843719698400022,1600.65570565662,0.0678542607747007,0.989843989023939,"ne"
"828",0.0224747943069759,1602.52134045361,0.203556366057882,0.934422388672829,"ne"
"829",0.0520829145222814,1601.31344044952,0.0964717468678264,0.54712917888537,"ne"
"830",-0.18843060911459,1601.53264193209,0.129249267458032,0.796817134367302,"ne"
"831",0.22262405208845,1602.37790102543,0.073513584684244,0.386799393221736,"ne"
"832",-0.109808423038865,1601.98636233216,0.235331437259627,0.00219968380406499,"ne"
"833",0.0766096259432247,1601.24453639057,0.0891551123231574,0.121737344190478,"ne"
"834",-0.0650651980383274,1601.8211718908,0.279659067381168,0.299564719432965,"ne"
"835",0.0522661995306512,1602.5017039663,0.0739429242701941,0.442319062305614,"ne"
"836",0.192074035162586,1602.4439572075,0.2087339768202,0.304010283201933,"ne"
"837",-0.179934808146306,1602.80883210508,0.731799526603868,0.126792128430679,"da"
"838",-0.147975604472633,1603.51490944437,0.0234055834692429,0.297230782452971,"ne"
"839",-0.0348492624493298,1600.07190933081,0.0922193658301755,0.690790671855211,"ne"
"840",0.115061119402269,1601.36969484489,0.0239347084398343,0.25190921057947,"ne"
"841",0.0422592865014417,1602.86517897494,0.464827010614477,0.791672362247482,"ne"
"842",-0.128277874538832,1601.46703465483,0.940325302559021,0.966183382319286,"da"
"843",0.0656345474383479,1603.10031017401,0.0568863864925868,0.698095344007015,"ne"
"844",-0.0471064102393166,1601.16005649583,0.154532010302215,0.346652332460508,"ne"
"845",-0.0190935357501558,1603.11086384908,0.288393807484494,0.784327700966969,"ne"
"846",-0.0760244622948539,1601.03957867713,0.0762513156789252,0.261198622407392,"ne"
"847",-0.101676517949728,1601.19014560692,0.47773733678629,0.70714385365136,"ne"
"848",-0.0294930144523177,1602.77666949605,0.0640125195868077,0.0159062149468809,"ne"
"849",0.0168982211184242,1600.39423227841,0.0477001308819807,0.771393880015239,"ne"
"850",-0.0126386038857009,1600.84306221588,0.0493507797582747,0.883405548520386,"ne"
"851",0.0265791953198038,1601.85379041494,0.0766813075988893,0.363620064919814,"ne"
"852",-0.0213438306895779,1601.37861736946,0.02359471916872,0.718055913923308,"ne"
"853",-0.0639917123519132,1603.18789760385,0.0763246686549388,0.732033699285239,"ne"
"854",0.196785904932184,1600.85906840858,0.147828777048977,0.29592915950343,"ne"
"855",0.0133382013690759,1601.09131251299,0.0259575997809292,0.506679138634354,"ne"
"856",-0.00777566216544605,1600.30940715102,0.399072591660877,0.573946122545749,"ne"
"857",-0.0350468301941526,1600.62436052632,0.0657272463220816,0.461952742189169,"ne"
"858",0.0747974971425011,1602.71371479602,0.0337806635264054,0.364538246532902,"ne"
"859",0.152539131640283,1603.2113148281,0.184419499880415,0.405750416219234,"ne"
"860",0.120348309180359,1603.0706857502,0.0388989106867146,0.556653084699064,"ne"
"861",0.148056256934036,1600.50348058242,0.228137629340447,0.33423202810809,"ne"
"862",-0.0518792202602169,1603.87215398369,0.523805668221888,0.580012031365186,"ne"
"863",0.103853005761157,1600.65895463926,0.172956615779119,0.568287722766399,"ne"
"864",0.131326916833462,1601.52561650857,0.190710485373663,0.519575495272875,"ne"
"865",0.175447293122326,1601.19815943943,0.316740373148275,0.778218835825101,"ne"
"866",0.0185087598923552,1601.36529237427,0.0591298151544123,0.448083834955469,"ne"
"867",0.02940451464204,1601.31486569045,0.870349009441358,0.63427278236486,"da"
"868",-0.143181028623733,1603.13436800551,0.0825326266460805,0.555408085696399,"ne"
"869",0.0145651791301961,1602.59650963405,0.0471230050816759,0.869595517404377,"ne"
"870",-0.154206930413769,1602.06516446058,0.443363767033955,0.401964434655383,"da"
"871",-0.0379801877508109,1601.58510150769,0.106194928579479,0.941663336474448,"ne"
"872",-0.0841395906142623,1602.73811199955,0.0638874218110959,0.223612807225436,"ne"
"873",-0.0415209810924455,1601.30371036936,0.02076754322744,0.403685677330941,"ne"
"874",0.00701029041794133,1602.63306032043,0.158783296105308,0.540479374583811,"ne"
"875",-0.19646243174031,1603.10425784874,0.515498491372724,0.0798051445744932,"da"
"876",-0.0825005609593081,1603.19343447993,0.977988691819168,0.226309497142211,"da"
"877",-0.0203760844242554,1602.18530342935,0.089170568855557,0.497732194839045,"ne"
"878",0.316316902305936,1601.2139612616,0.259606436597081,0.154052696889266,"ne"
"879",0.0945830949300685,1600.2447060577,0.0291516608179461,0.68798325327225,"ne"
"880",-0.0958265757167586,1603.33081997417,0.609275486132147,0.724011103622615,"ne"
"881",0.0130970326229589,1603.09331597038,0.130126090066233,0.670978439506143,"ne"
"882",0.10065968531112,1603.30073480908,0.117333310161889,0.333480986766517,"ne"
"883",-0.194030725066588,1599.7351413144,0.157219599709753,0.866086568683386,"ne"
"884",0.0837770132199287,1602.18867833926,0.432415347588769,0.808318176539615,"ne"
"885",-0.0334201710463992,1602.8526695183,0.0206328678626713,0.676781706279144,"ne"
"886",0.0422361313807483,1602.01378780719,0.0195557893441288,0.128921875264496,"ne"
"887",-0.0197745949145354,1601.27046299651,0.421435936083703,0.241506597260013,"ne"
"888",0.00204971794400529,1601.72424562238,0.0638077278460961,0.163562798174098,"ne"
"889",0.00625708758675579,1601.08085488051,0.0468986854707784,0.178316378965974,"ne"
"890",-0.047925858983279,1603.69967359595,0.0189807395584954,0.606252947589383,"ne"
"891",-0.0929529446454634,1603.40315802807,0.0309448704041871,0.989405972417444,"ne"
"892",0.0294591034070825,1601.04746845399,0.679677326710686,0.979533133562654,"ne"
"893",-0.191263488042634,1600.47260887691,0.0414197012790417,0.848071112995967,"ne"
"894",0.0937334972176644,1602.53149710041,0.460079661649819,0.54403458442539,"ne"
"895",-0.0734248814164827,1601.06140050429,0.0591099873312237,0.119493389502168,"ne"
"896",-0.0152918964420743,1601.76994629935,0.0269296343745885,0.148975182790309,"ne"
"897",0.044711920699144,1600.93677848486,0.0757941318541564,0.923403353430331,"ne"
"898",-0.0287064400419405,1602.66359914775,0.0308052737095978,0.559886509552598,"ne"
"899",-0.0429428149281402,1601.02702881837,0.883888816616554,0.942957071354613,"da"
"900",-0.227519148670687,1603.04355169274,0.58841354567012,0.337714184308425,"da"
"901",0.173388304162451,1601.98123447376,0.145076115044435,0.52900837501511,"ne"
"902",-0.0179573162243848,1601.39998024821,0.933962802258959,0.0884831720031798,"da"
"903",0.0995397300433791,1602.53935679784,0.630634205711882,0.118534857872874,"ne"
"904",-0.0390154524900373,1603.62292940968,0.12982268343233,0.0824251652229577,"ne"
"905",-0.144638312222037,1602.95467142335,0.134430108005369,0.193340083584189,"da"
"906",-0.230776607520441,1602.00930681051,0.0456543110191259,0.925496287643909,"ne"
"907",-0.0663315268799151,1603.60630980058,0.808881986503005,0.294136489741504,"da"
"908",-0.150459173939688,1602.93205010662,0.0484470161783113,0.399894141126424,"ne"
"909",0.0715979336637294,1601.42314649914,0.232812078419983,0.0726827576290816,"da"
"910",-0.0238431214602713,1600.33094494312,0.122654083224878,0.0299098284449428,"ne"
"911",0.0543968615961959,1602.80443041061,0.0958433460888819,0.345489996252581,"ne"
"912",0.0207513323042751,1602.87505532987,0.0243800818938377,0.532981535885483,"ne"
"913",0.00467955185203776,1601.8838380297,0.0739168845655954,0.0599380694329739,"ne"
"914",0.0677040914464245,1601.54105585457,0.336406989689867,0.754711050773039,"ne"
"915",0.0509516246044309,1603.28660245859,0.132891611491446,0.676624183310196,"ne"
"916",-0.0767157013152146,1603.25093494995,0.23212212819726,0.662096656160429,"ne"
"917",0.0844032916242784,1601.85042868072,0.0213219198723238,0.806107199750841,"ne"
"918",-0.116251841076334,1600.10809052895,0.646497376656835,0.377589093754068,"ne"
"919",-0.00858749178097893,1601.74777873802,0.049099281965698,0.529774399241433,"ne"
"920",-0.0257742244098498,1603.64564137671,0.497978098592967,0.559274898376316,"ne"
"921",0.0430622992553418,1601.50024548018,0.0264288107282058,0.463342154398561,"ne"
"922",-0.128295041903207,1600.93567503653,0.0216960837609495,0.0466914533171803,"ne"
"923",-0.0564356425208959,1600.88717546588,0.0508071982799267,0.611759280553088,"ne"
"924",0.102781607981043,1602.14836019974,0.0617257768418975,0.249982574488968,"ne"
"925",-0.139861851290004,1601.45028291148,0.0351212501090328,0.124895263696089,"ne"
"926",0.107401843446459,1602.35990270945,0.270698282259742,0.654496312374249,"ne"
"927",-0.00986575906570667,1602.10095145832,0.0689638448299837,0.85772921750322,"ne"
"928",0.0529751921444283,1603.15302971058,0.0541207984066425,0.461066564079374,"ne"
"929",0.11282812748592,1601.00411801722,0.0620010545804682,0.648210030281916,"ne"
"930",0.0733749864200354,1601.72144283384,0.102908556679565,0.29191577155143,"ne"
"931",-0.172790264424574,1602.56758180016,0.173558098786344,0.222221077652648,"ne"
"932",-0.195052607568894,1600.34911093582,0.711275916745738,0.90965108666569,"da"
"933",0.182451854396716,1601.65732023453,0.207235161000398,0.395735987462103,"ne"
"934",0.0833679032516327,1602.39871831368,0.32158073876594,0.14172335062176,"ne"
"935",-0.0348556306790227,1602.33890552098,0.163108248013008,0.826067270943895,"ne"
"936",-0.0891130760975499,1600.3635230388,0.159192372508181,0.671405838569626,"ne"
"937",0.161270854946469,1601.21197536311,0.750756159819999,0.516416075406596,"ne"
"938",-0.0888503703519224,1601.29001222195,0.895480216136051,0.0825736382976174,"da"
"939",-0.219337868188628,1602.97933870465,0.064234496006368,0.325296641793102,"ne"
"940",-0.0692280220341831,1600.87176848176,0.568369170027413,0.812417200300843,"da"
"941",-0.0226136096099594,1602.78648823473,0.211405576237636,0.253886136924848,"ne"
"942",-0.180334882023474,1602.90211092351,0.954270822405695,0.258916421793401,"da"
"943",0.018403408607293,1603.06415706834,0.0422432220698549,0.658037774264812,"ne"
"944",-0.004313894413013,1601.83017324803,0.0193533328114582,0.208448452875018,"ne"
"945",0.0692357746395248,1600.50227063792,0.160892916643597,0.288978094002232,"ne"
"946",-0.0444893449090291,1603.45872749235,0.119434019956857,0.205814790679142,"ne"
"947",-0.177873644618112,1602.4207685028,0.213615100590151,0.59070189553313,"ne"
"948",0.0275964539716414,1602.40514152239,0.180105194773074,0.461031913757324,"ne"
"949",-0.200035778796138,1603.08687683473,0.923241143838852,0.66303193429485,"da"
"950",-0.165524015524604,1603.17188990244,0.357844070173016,0.703481171745807,"ne"
"951",0.194818349622476,1602.96242451579,0.0354759260940129,0.104199783643708,"ne"
"952",-0.0993179643914558,1601.1053640766,0.87850836160593,0.236817396245897,"da"
"953",0.0797220620915599,1602.29942714315,0.180704702870751,0.844722766662017,"ne"
"954",0.0512831174837881,1601.78249321728,0.412127972226064,0.209092691540718,"ne"
"955",0.111767001780149,1601.01284250918,0.141283331553223,0.872719739796594,"ne"
"956",-0.119558957967806,1600.10678090513,0.0336425174834244,0.465995852835476,"ne"
"957",-0.220532142691987,1604.19392476309,0.0212666131308169,0.466135630384088,"ne"
"958",0.0277421235750723,1599.63979217259,0.229121833769489,0.383406279841438,"ne"
"959",0.100220947868615,1602.52338145018,0.06860241441999,0.318344105500728,"ne"
"960",0.162077051052459,1603.06169343645,0.0276902985215279,0.254683254752308,"ne"
"961",-0.0331393786050427,1603.11530867287,0.385171936865822,0.331296015530825,"ne"
"962",0.101235377341486,1601.8201448826,0.055268937018774,0.231919286772609,"ne"
"963",0.0663074844227793,1602.00995733438,0.0357582045220958,0.76093517197296,"ne"
"964",0.018174088521707,1602.76820550966,0.0560000089886737,0.313182045239955,"ne"
"965",0.0211303568339791,1601.72252120386,0.290576919201504,0.326934059849009,"ne"
"966",0.260568424819559,1602.92725114814,0.0891013876892768,0.355671948054805,"ne"
"967",0.0573966024657984,1602.39604334259,0.517038402718775,0.97366170398891,"ne"
"968",-0.0302950525593152,1600.63511626335,0.570755895990478,0.261183508206159,"da"
"969",-9.72341204082101e-06,1602.14557092786,0.0289967579514875,0.485868182731792,"ne"
"970",-0.00266956913737664,1601.91629665047,0.58473676465077,0.978029839461669,"ne"
"971",0.036804985050074,1603.76035842857,0.399979296026835,0.19217177759856,"da"
"972",-0.0634149104091457,1603.09653170421,0.984089650234791,0.185168369440362,"da"
"973",0.0103555920496975,1601.41457500344,0.155048552420798,0.293037364259362,"ne"
"974",-0.140033018628883,1600.90836564606,0.717548256745357,0.793250248767436,"ne"
"975",0.0456320928164936,1600.9591594277,0.213001460416365,0.609970561228693,"ne"
"976",0.057926693660509,1604.32614556165,0.229361445018317,0.179529229411855,"ne"
"977",0.0863580368348353,1600.37956561557,0.938641208594514,0.88090723589994,"da"
"978",-0.050550081124024,1603.40414609701,0.0296477776500177,0.227360802236944,"ne"
"979",0.108483847279244,1600.76327235387,0.285031382208592,0.348716250853613,"ne"
"980",0.0814678643057287,1600.14791701899,0.0580278845412949,0.603928366908804,"ne"
"981",-0.0764174562712657,1600.89262844076,0.227226599783604,0.908128017792478,"ne"
"982",-0.0946043091013467,1602.3843845914,0.0207273596951294,0.354340048972517,"ne"
"983",-0.118792570736903,1602.87564952015,0.0262292452291486,0.70268134935759,"ne"
"984",-0.123467485882252,1602.98677356399,0.059417433548008,0.967431539203972,"ne"
"985",0.135380435541756,1603.21324586796,0.327615230098953,0.543856700183824,"ne"
"986",-0.159937843515479,1600.44862094025,0.109323140491801,0.456558329286054,"ne"
"987",-0.093670609070794,1600.65843111992,0.0375892188614166,0.572837049607188,"ne"
"988",0.0126861539615411,1603.06441750762,0.964993347387223,0.0377115125302225,"da"
"989",-0.0951458856831771,1600.08370724217,0.347909178851037,0.621111329877749,"ne"
"990",-0.0119897521972777,1602.30416007319,0.0819776037025544,0.483106123981997,"ne"
"991",-0.0800250983783011,1600.59542670419,0.129738428954491,0.840569799998775,"ne"
"992",-0.0270046473582307,1602.70464932311,0.438107357607092,0.909327102359384,"ne"
"993",0.0900245996410722,1602.25663698342,0.0215568395843683,0.802975465077907,"ne"
"994",0.0153133753557376,1601.09540570043,0.671788432424686,0.200702401576564,"da"
"995",-0.147587112174091,1601.56617933471,0.887083761072338,0.595451743574813,"ne"
"996",0.0275567717912403,1600.56361767011,0.0674888481160123,0.276311666239053,"ne"
"997",0.0473888225656675,1603.04203547807,0.154041575570042,0.0161726311780512,"ne"
"998",-0.135544972236856,1601.32647977812,0.929420395949498,0.315887564560398,"da"
"999",0.205324760580441,1603.35253148908,0.04270542103766,0.154744551284239,"ne"
"1000",0.0095324937095541,1602.88193118766,0.284908595636049,0.359962187241763,"ne"
